MJD;Year;Month;Day;Type;x_pole;sigma_x_pole;y_pole;sigma_y_pole;Type;UT1-UTC;sigma_UT1-UTC;LOD;sigma_LOD;Type;dPsi;sigma_dPsi;dEpsilon;sigma_dEpsilon;dX;sigma_dX;dY;sigma_dY
56658;2014;01;01;;0.038625;0.000048;0.318929;0.000048;;-0.0970337;0.0000042;0.0011952;0.0000230;;;;;;0.000008;0.000047;0.000163;0.000031
56659;2014;01;02;;0.038411;0.000048;0.319622;0.000048;;-0.0982274;0.0000055;0.0012339;0.0000230;;;;;;-0.000016;0.000048;0.000175;0.000032
56660;2014;01;03;;0.037804;0.000048;0.320458;0.000048;;-0.0995076;0.0000068;0.0013011;0.0000230;;;;;;-0.000041;0.000049;0.000188;0.000032
56661;2014;01;04;;0.037059;0.000048;0.320811;0.000048;;-0.1008557;0.0000196;0.0013803;0.0000230;;;;;;-0.000026;0.000049;0.000192;0.000033
56662;2014;01;05;;0.036698;0.000048;0.321223;0.000048;;-0.1022601;0.0000168;0.0014192;0.0000230;;;;;;0.000004;0.000050;0.000193;0.000033
56663;2014;01;06;;0.036122;0.000049;0.321908;0.000048;;-0.1036685;0.0000088;0.0013885;0.0000230;;;;;;0.000034;0.000051;0.000195;0.000033
56664;2014;01;07;;0.035263;0.000049;0.322840;0.000048;;-0.1049943;0.0000027;0.0012674;0.0000230;;;;;;0.000064;0.000051;0.000196;0.000034
56665;2014;01;08;;0.034235;0.000049;0.323974;0.000048;;-0.1061704;0.0000127;0.0010994;0.0000230;;;;;;0.000102;0.000052;0.000178;0.000034
56666;2014;01;09;;0.033904;0.000049;0.324984;0.000048;;-0.1071902;0.0000210;0.0009721;0.0000230;;;;;;0.000142;0.000053;0.000155;0.000034
56667;2014;01;10;;0.033577;0.000049;0.326468;0.000048;;-0.1080927;0.0000074;0.0008292;0.0000229;;;;;;0.000068;0.000053;0.000232;0.000035
56668;2014;01;11;;0.032842;0.000049;0.327905;0.000048;;-0.1088467;0.0000123;0.0006654;0.0000229;;;;;;0.000049;0.000054;0.000258;0.000035
56669;2014;01;12;;0.031625;0.000049;0.328991;0.000048;;-0.1094693;0.0000128;0.0005909;0.0000229;;;;;;0.000064;0.000054;0.000252;0.000035
56670;2014;01;13;;0.030240;0.000049;0.330037;0.000048;;-0.1100268;0.0000089;0.0005450;0.0000229;;;;;;0.000079;0.000055;0.000247;0.000035
56671;2014;01;14;;0.029382;0.000049;0.330675;0.000048;;-0.1105795;0.0000055;0.0005509;0.0000229;;;;;;0.000095;0.000055;0.000241;0.000035
56672;2014;01;15;;0.028560;0.000049;0.331788;0.000048;;-0.1111660;0.0000047;0.0006293;0.0000230;;;;;;0.000123;0.000055;0.000207;0.000035
56673;2014;01;16;;0.027405;0.000049;0.332652;0.000048;;-0.1118310;0.0000046;0.0007043;0.0000230;;;;;;0.000155;0.000055;0.000165;0.000034
56674;2014;01;17;;0.026585;0.000049;0.333747;0.000048;;-0.1126033;0.0000045;0.0008169;0.0000230;;;;;;0.000188;0.000056;0.000123;0.000034
56675;2014;01;18;;0.025858;0.000049;0.335129;0.000049;;-0.1135020;0.0000127;0.0009733;0.0000230;;;;;;0.000214;0.000056;0.000098;0.000034
56676;2014;01;19;;0.024785;0.000049;0.336444;0.000049;;-0.1145585;0.0000127;0.0011195;0.0000231;;;;;;0.000238;0.000056;0.000080;0.000034
56677;2014;01;20;;0.023705;0.000049;0.337475;0.000049;;-0.1157163;0.0000137;0.0012016;0.0000231;;;;;;0.000263;0.000056;0.000061;0.000034
56678;2014;01;21;;0.023636;0.000049;0.338291;0.000049;;-0.1169543;0.0000118;0.0012565;0.0000231;;;;;;0.000282;0.000056;0.000045;0.000033
56679;2014;01;22;;0.024050;0.000049;0.339040;0.000049;;-0.1182385;0.0000074;0.0012901;0.0000232;;;;;;0.000150;0.000055;0.000083;0.000033
56680;2014;01;23;;0.024359;0.000049;0.339986;0.000049;;-0.1195022;0.0000057;0.0012505;0.0000232;;;;;;0.000170;0.000055;0.000095;0.000032
56681;2014;01;24;;0.024502;0.000049;0.340785;0.000049;;-0.1207223;0.0000048;0.0011427;0.0000232;;;;;;0.000230;0.000054;0.000099;0.000031
56682;2014;01;25;;0.024346;0.000049;0.341404;0.000049;;-0.1218576;0.0000175;0.0010841;0.0000232;;;;;;0.000227;0.000054;0.000085;0.000031
56683;2014;01;26;;0.024091;0.000050;0.341819;0.000049;;-0.1229218;0.0000248;0.0010054;0.0000231;;;;;;0.000201;0.000054;0.000064;0.000031
56684;2014;01;27;;0.024192;0.000050;0.342557;0.000049;;-0.1238792;0.0000168;0.0009439;0.0000231;;;;;;0.000175;0.000054;0.000043;0.000031
56685;2014;01;28;;0.024382;0.000050;0.343913;0.000050;;-0.1248207;0.0000100;0.0009566;0.0000231;;;;;;0.000149;0.000054;0.000021;0.000031
56686;2014;01;29;;0.024523;0.000050;0.345557;0.000050;;-0.1258202;0.0000066;0.0010696;0.0000231;;;;;;0.000123;0.000054;0.000000;0.000031
56687;2014;01;30;;0.024560;0.000050;0.347002;0.000050;;-0.1269700;0.0000062;0.0012412;0.0000231;;;;;;0.000101;0.000054;0.000000;0.000031
56688;2014;01;31;;0.024272;0.000050;0.348034;0.000050;;-0.1282650;0.0000065;0.0013455;0.0000231;;;;;;0.000193;0.000054;0.000027;0.000031
56689;2014;02;01;;0.023720;0.000050;0.348846;0.000050;;-0.1296369;0.0000120;0.0014088;0.0000231;;;;;;0.000181;0.000054;0.000049;0.000031
56690;2014;02;02;;0.023527;0.000050;0.349533;0.000050;;-0.1310635;0.0000141;0.0013966;0.0000231;;;;;;0.000118;0.000054;0.000067;0.000031
56691;2014;02;03;;0.023561;0.000050;0.350124;0.000050;;-0.1324606;0.0000099;0.0013401;0.0000231;;;;;;0.000055;0.000054;0.000085;0.000031
56692;2014;02;04;;0.023735;0.000050;0.351002;0.000050;;-0.1337440;0.0000039;0.0012129;0.0000232;;;;;;-0.000008;0.000054;0.000103;0.000031
56693;2014;02;05;;0.023864;0.000050;0.352351;0.000050;;-0.1348497;0.0000035;0.0010118;0.0000232;;;;;;0.000004;0.000054;0.000135;0.000032
56694;2014;02;06;;0.024364;0.000050;0.353748;0.000050;;-0.1357764;0.0000046;0.0008329;0.0000233;;;;;;0.000060;0.000055;0.000158;0.000032
56695;2014;02;07;;0.024526;0.000050;0.355359;0.000050;;-0.1365467;0.0000057;0.0007076;0.0000233;;;;;;0.000206;0.000054;0.000130;0.000032
56696;2014;02;08;;0.024479;0.000050;0.356729;0.000050;;-0.1372258;0.0000184;0.0006317;0.0000233;;;;;;0.000221;0.000054;0.000146;0.000032
56697;2014;02;09;;0.024393;0.000050;0.358211;0.000050;;-0.1378255;0.0000198;0.0005625;0.0000234;;;;;;0.000188;0.000054;0.000177;0.000032
56698;2014;02;10;;0.024197;0.000050;0.359803;0.000050;;-0.1383963;0.0000133;0.0005991;0.0000234;;;;;;0.000155;0.000054;0.000209;0.000032
56699;2014;02;11;;0.024040;0.000050;0.361819;0.000050;;-0.1389977;0.0000067;0.0006722;0.0000235;;;;;;0.000122;0.000054;0.000240;0.000031
56700;2014;02;12;;0.023543;0.000050;0.363777;0.000050;;-0.1396740;0.0000097;0.0007413;0.0000235;;;;;;0.000138;0.000054;0.000186;0.000031
56701;2014;02;13;;0.022785;0.000050;0.365441;0.000050;;-0.1404630;0.0000128;0.0008543;0.0000236;;;;;;0.000167;0.000054;0.000110;0.000031
56702;2014;02;14;;0.022059;0.000050;0.367134;0.000050;;-0.1413957;0.0000072;0.0009903;0.0000236;;;;;;0.000289;0.000055;0.000047;0.000032
56703;2014;02;15;;0.021459;0.000050;0.368685;0.000050;;-0.1424475;0.0000175;0.0011131;0.0000237;;;;;;0.000287;0.000055;0.000033;0.000033
56704;2014;02;16;;0.021003;0.000050;0.370446;0.000050;;-0.1436550;0.0000219;0.0012701;0.0000237;;;;;;0.000229;0.000056;0.000034;0.000034
56705;2014;02;17;;0.020474;0.000050;0.372215;0.000050;;-0.1449579;0.0000175;0.0013350;0.0000238;;;;;;0.000170;0.000057;0.000035;0.000034
56706;2014;02;18;;0.019775;0.000050;0.373461;0.000050;;-0.1463110;0.0000115;0.0013584;0.0000238;;;;;;0.000111;0.000057;0.000036;0.000035
56707;2014;02;19;;0.019852;0.000050;0.374879;0.000051;;-0.1477017;0.0000143;0.0013881;0.0000239;;;;;;0.000143;0.000058;0.000075;0.000036
56708;2014;02;20;;0.020092;0.000050;0.376167;0.000051;;-0.1490673;0.0000167;0.0013344;0.0000239;;;;;;0.000199;0.000058;0.000123;0.000037
56709;2014;02;21;;0.020334;0.000050;0.377408;0.000051;;-0.1503415;0.0000090;0.0012212;0.0000240;;;;;;0.000268;0.000058;0.000041;0.000037
56710;2014;02;22;;0.020535;0.000050;0.378564;0.000051;;-0.1515516;0.0000163;0.0011444;0.0000240;;;;;;0.000294;0.000058;0.000018;0.000037
56711;2014;02;23;;0.020713;0.000050;0.380002;0.000051;;-0.1526832;0.0000186;0.0011380;0.0000241;;;;;;0.000302;0.000058;0.000034;0.000037
56712;2014;02;24;;0.020489;0.000050;0.381457;0.000051;;-0.1538268;0.0000149;0.0011862;0.0000241;;;;;;0.000310;0.000058;0.000050;0.000037
56713;2014;02;25;;0.019581;0.000050;0.382823;0.000051;;-0.1550466;0.0000110;0.0012721;0.0000241;;;;;;0.000318;0.000058;0.000066;0.000037
56714;2014;02;26;;0.018713;0.000050;0.383668;0.000051;;-0.1563948;0.0000115;0.0014481;0.0000242;;;;;;0.000234;0.000057;0.000042;0.000037
56715;2014;02;27;;0.018762;0.000051;0.384182;0.000051;;-0.1579400;0.0000117;0.0016767;0.0000242;;;;;;0.000179;0.000057;0.000014;0.000037
56716;2014;02;28;;0.019281;0.000051;0.385242;0.000051;;-0.1597418;0.0000064;0.0018938;0.0000242;;;;;;0.000204;0.000056;-0.000011;0.000036
56717;2014;03;01;;0.019851;0.000051;0.386589;0.000051;;-0.1616862;0.0000119;0.0019870;0.0000242;;;;;;0.000218;0.000055;-0.000005;0.000035
56718;2014;03;02;;0.020242;0.000051;0.387918;0.000051;;-0.1636857;0.0000154;0.0019830;0.0000242;;;;;;0.000222;0.000053;0.000012;0.000034
56719;2014;03;03;;0.020430;0.000051;0.389451;0.000051;;-0.1656596;0.0000121;0.0019172;0.0000242;;;;;;0.000226;0.000052;0.000029;0.000033
56720;2014;03;04;;0.020506;0.000051;0.390971;0.000051;;-0.1675271;0.0000067;0.0017830;0.0000242;;;;;;0.000230;0.000051;0.000046;0.000032
56721;2014;03;05;;0.020362;0.000051;0.392074;0.000051;;-0.1692341;0.0000114;0.0015948;0.0000242;;;;;;0.000255;0.000050;0.000039;0.000031
56722;2014;03;06;;0.020424;0.000051;0.393010;0.000051;;-0.1707613;0.0000157;0.0014176;0.0000242;;;;;;0.000285;0.000049;0.000026;0.000030
56723;2014;03;07;;0.020313;0.000051;0.394045;0.000051;;-0.1721222;0.0000085;0.0012988;0.0000242;;;;;;0.000315;0.000048;0.000013;0.000030
56724;2014;03;08;;0.020135;0.000051;0.395140;0.000051;;-0.1733613;0.0000131;0.0011755;0.0000242;;;;;;0.000317;0.000047;0.000001;0.000029
56725;2014;03;09;;0.019846;0.000051;0.396188;0.000051;;-0.1744938;0.0000127;0.0010661;0.0000242;;;;;;0.000308;0.000046;-0.000011;0.000028
56726;2014;03;10;;0.019509;0.000051;0.396953;0.000051;;-0.1755689;0.0000103;0.0010893;0.0000242;;;;;;0.000299;0.000045;-0.000022;0.000027
56727;2014;03;11;;0.019197;0.000051;0.398041;0.000051;;-0.1766179;0.0000090;0.0010649;0.0000242;;;;;;0.000290;0.000044;-0.000034;0.000026
56728;2014;03;12;;0.019420;0.000051;0.399147;0.000051;;-0.1776735;0.0000075;0.0010592;0.0000242;;;;;;0.000281;0.000044;-0.000045;0.000026
56729;2014;03;13;;0.020234;0.000051;0.400258;0.000051;;-0.1787999;0.0000071;0.0011575;0.0000242;;;;;;0.000347;0.000043;0.000061;0.000025
56730;2014;03;14;;0.021455;0.000051;0.401268;0.000051;;-0.1799905;0.0000071;0.0012469;0.0000242;;;;;;0.000318;0.000042;0.000100;0.000024
56731;2014;03;15;;0.022504;0.000051;0.402454;0.000051;;-0.1812187;0.0000175;0.0012929;0.0000242;;;;;;0.000278;0.000040;0.000094;0.000023
56732;2014;03;16;;0.023637;0.000051;0.403738;0.000051;;-0.1825057;0.0000219;0.0012959;0.0000242;;;;;;0.000248;0.000039;0.000084;0.000022
56733;2014;03;17;;0.024470;0.000051;0.405052;0.000051;;-0.1837803;0.0000181;0.0012448;0.0000242;;;;;;0.000217;0.000038;0.000073;0.000021
56734;2014;03;18;;0.024858;0.000051;0.405660;0.000051;;-0.1850332;0.0000128;0.0012335;0.0000242;;;;;;0.000186;0.000037;0.000062;0.000021
56735;2014;03;19;;0.025303;0.000051;0.406020;0.000051;;-0.1862720;0.0000148;0.0011909;0.0000241;;;;;;0.000203;0.000036;0.000106;0.000020
56736;2014;03;20;;0.026121;0.000051;0.406476;0.000051;;-0.1874632;0.0000186;0.0011623;0.0000241;;;;;;0.000244;0.000036;0.000141;0.000019
56737;2014;03;21;;0.027395;0.000051;0.407082;0.000051;;-0.1885929;0.0000225;0.0011168;0.0000241;;;;;;0.000330;0.000034;0.000089;0.000018
56738;2014;03;22;;0.028278;0.000051;0.408420;0.000051;;-0.1896888;0.0000184;0.0011114;0.0000241;;;;;;0.000355;0.000033;0.000046;0.000017
56739;2014;03;23;;0.029408;0.000051;0.409838;0.000051;;-0.1908400;0.0000207;0.0011640;0.0000240;;;;;;0.000358;0.000032;0.000007;0.000017
56740;2014;03;24;;0.030866;0.000051;0.411323;0.000051;;-0.1920471;0.0000169;0.0012655;0.0000240;;;;;;0.000361;0.000031;-0.000032;0.000016
56741;2014;03;25;;0.032258;0.000051;0.412702;0.000051;;-0.1933412;0.0000077;0.0013746;0.0000240;;;;;;0.000364;0.000031;-0.000070;0.000015
56742;2014;03;26;;0.033605;0.000051;0.414229;0.000051;;-0.1947883;0.0000166;0.0015393;0.0000240;;;;;;0.000336;0.000030;-0.000059;0.000015
56743;2014;03;27;;0.034995;0.000051;0.415246;0.000051;;-0.1963914;0.0000244;0.0016747;0.0000240;;;;;;0.000301;0.000029;-0.000034;0.000014
56744;2014;03;28;;0.036741;0.000051;0.416007;0.000051;;-0.1980908;0.0000098;0.0017359;0.0000240;;;;;;0.000258;0.000028;-0.000007;0.000014
56745;2014;03;29;;0.038453;0.000051;0.416886;0.000051;;-0.1998624;0.0000124;0.0018000;0.0000240;;;;;;0.000240;0.000027;0.000020;0.000013
56746;2014;03;30;;0.040414;0.000051;0.418056;0.000051;;-0.2016841;0.0000233;0.0017891;0.0000240;;;;;;0.000231;0.000026;0.000048;0.000012
56747;2014;03;31;;0.042244;0.000050;0.419490;0.000051;;-0.2034168;0.0000187;0.0016708;0.0000240;;;;;;0.000222;0.000026;0.000075;0.000012
56748;2014;04;01;;0.043621;0.000050;0.420985;0.000050;;-0.2050033;0.0000060;0.0014932;0.0000240;;;;;;0.000213;0.000025;0.000102;0.000011
56749;2014;04;02;;0.044738;0.000050;0.422571;0.000050;;-0.2064962;0.0000135;0.0014019;0.0000240;;;;;;0.000270;0.000025;0.000046;0.000012
56750;2014;04;03;;0.045494;0.000050;0.423930;0.000050;;-0.2078544;0.0000209;0.0013076;0.0000240;;;;;;0.000318;0.000026;0.000015;0.000012
56751;2014;04;04;;0.045956;0.000050;0.425019;0.000050;;-0.2090911;0.0000073;0.0012133;0.0000240;;;;;;0.000326;0.000027;0.000024;0.000013
56752;2014;04;05;;0.046317;0.000050;0.425769;0.000050;;-0.2102960;0.0000121;0.0012089;0.0000240;;;;;;0.000340;0.000027;0.000033;0.000013
56753;2014;04;06;;0.046765;0.000050;0.426367;0.000050;;-0.2115022;0.0000185;0.0011916;0.0000240;;;;;;0.000362;0.000028;0.000038;0.000014
56754;2014;04;07;;0.047654;0.000050;0.426425;0.000050;;-0.2126763;0.0000139;0.0011847;0.0000240;;;;;;0.000384;0.000028;0.000043;0.000014
56755;2014;04;08;;0.049103;0.000050;0.427191;0.000050;;-0.2138595;0.0000053;0.0011804;0.0000239;;;;;;0.000406;0.000029;0.000048;0.000015
56756;2014;04;09;;0.050693;0.000050;0.428280;0.000050;;-0.2150828;0.0000082;0.0012427;0.0000239;;;;;;0.000402;0.000029;0.000053;0.000015
56757;2014;04;10;;0.052161;0.000050;0.429119;0.000050;;-0.2163621;0.0000115;0.0012837;0.0000239;;;;;;0.000392;0.000030;0.000059;0.000016
56758;2014;04;11;;0.053265;0.000050;0.429894;0.000050;;-0.2176827;0.0000045;0.0013690;0.0000238;;;;;;0.000355;0.000031;-0.000017;0.000016
56759;2014;04;12;;0.054207;0.000050;0.430571;0.000050;;-0.2190735;0.0000083;0.0014100;0.0000238;;;;;;0.000335;0.000031;-0.000057;0.000017
56760;2014;04;13;;0.054917;0.000050;0.430856;0.000050;;-0.2205121;0.0000131;0.0014564;0.0000237;;;;;;0.000324;0.000031;-0.000073;0.000017
56761;2014;04;14;;0.055763;0.000050;0.431160;0.000050;;-0.2219651;0.0000105;0.0014828;0.0000237;;;;;;0.000313;0.000032;-0.000088;0.000018
56762;2014;04;15;;0.056648;0.000050;0.432092;0.000050;;-0.2233979;0.0000049;0.0013962;0.0000236;;;;;;0.000302;0.000032;-0.000104;0.000018
56763;2014;04;16;;0.057283;0.000050;0.432755;0.000050;;-0.2247224;0.0000045;0.0012634;0.0000236;;;;;;0.000198;0.000033;-0.000131;0.000019
56764;2014;04;17;;0.058233;0.000050;0.433316;0.000050;;-0.2259735;0.0000114;0.0011786;0.0000236;;;;;;0.000185;0.000033;-0.000141;0.000019
56765;2014;04;18;;0.059547;0.000050;0.434438;0.000050;;-0.2271611;0.0000205;0.0012207;0.0000236;;;;;;0.000216;0.000033;-0.000142;0.000020
56766;2014;04;19;;0.060235;0.000049;0.435938;0.000049;;-0.2283262;0.0000224;0.0012048;0.0000237;;;;;;0.000247;0.000034;-0.000144;0.000020
56767;2014;04;20;;0.060944;0.000049;0.436953;0.000049;;-0.2295574;0.0000148;0.0012852;0.0000237;;;;;;0.000278;0.000034;-0.000146;0.000021
56768;2014;04;21;;0.062152;0.000049;0.437984;0.000049;;-0.2308630;0.0000130;0.0013677;0.0000236;;;;;;0.000309;0.000034;-0.000147;0.000021
56769;2014;04;22;;0.063753;0.000049;0.438706;0.000049;;-0.2322999;0.0000097;0.0015262;0.0000236;;;;;;0.000340;0.000035;-0.000149;0.000022
56770;2014;04;23;;0.065273;0.000049;0.439403;0.000049;;-0.2338988;0.0000064;0.0016696;0.0000236;;;;;;0.000370;0.000035;-0.000150;0.000022
56771;2014;04;24;;0.066868;0.000049;0.439919;0.000049;;-0.2356298;0.0000053;0.0017856;0.0000236;;;;;;0.000421;0.000035;-0.000193;0.000023
56772;2014;04;25;;0.068557;0.000049;0.440457;0.000049;;-0.2374814;0.0000049;0.0019238;0.0000235;;;;;;0.000283;0.000035;-0.000099;0.000023
56773;2014;04;26;;0.070301;0.000049;0.441033;0.000049;;-0.2394680;0.0000123;0.0020142;0.0000235;;;;;;0.000232;0.000035;-0.000068;0.000023
56774;2014;04;27;;0.071794;0.000049;0.441789;0.000049;;-0.2414444;0.0000185;0.0019416;0.0000234;;;;;;0.000238;0.000035;-0.000080;0.000023
56775;2014;04;28;;0.072950;0.000049;0.442413;0.000049;;-0.2433097;0.0000137;0.0017730;0.0000233;;;;;;0.000243;0.000035;-0.000091;0.000023
56776;2014;04;29;;0.074283;0.000049;0.442691;0.000049;;-0.2450254;0.0000046;0.0015938;0.0000232;;;;;;0.000249;0.000035;-0.000102;0.000023
56777;2014;04;30;;0.076090;0.000049;0.442797;0.000049;;-0.2465423;0.0000033;0.0014226;0.0000231;;;;;;0.000306;0.000034;-0.000104;0.000023
56778;2014;05;01;;0.077991;0.000049;0.443171;0.000049;;-0.2478612;0.0000095;0.0012415;0.0000231;;;;;;0.000427;0.000034;-0.000091;0.000023
56779;2014;05;02;;0.079707;0.000049;0.443594;0.000049;;-0.2490457;0.0000177;0.0011000;0.0000230;;;;;;0.000526;0.000034;-0.000080;0.000023
56780;2014;05;03;;0.081701;0.000049;0.444023;0.000049;;-0.2501393;0.0000217;0.0010920;0.0000229;;;;;;0.000474;0.000033;-0.000090;0.000022
56781;2014;05;04;;0.083839;0.000049;0.444603;0.000049;;-0.2512148;0.0000176;0.0011010;0.0000229;;;;;;0.000422;0.000033;-0.000099;0.000022
56782;2014;05;05;;0.085302;0.000049;0.444896;0.000048;;-0.2523558;0.0000142;0.0011384;0.0000228;;;;;;0.000369;0.000032;-0.000109;0.000021
56783;2014;05;06;;0.086169;0.000049;0.445015;0.000048;;-0.2535595;0.0000178;0.0012071;0.0000228;;;;;;0.000317;0.000032;-0.000118;0.000021
56784;2014;05;07;;0.087354;0.000049;0.445500;0.000048;;-0.2548236;0.0000265;0.0012801;0.0000227;;;;;;0.000241;0.000031;-0.000119;0.000021
56785;2014;05;08;;0.088953;0.000049;0.446179;0.000048;;-0.2561154;0.0000138;0.0013765;0.0000227;;;;;;0.000177;0.000031;-0.000127;0.000020
56786;2014;05;09;;0.090410;0.000049;0.446838;0.000048;;-0.2575214;0.0000143;0.0014356;0.0000227;;;;;;0.000149;0.000031;-0.000149;0.000020
56787;2014;05;10;;0.091448;0.000049;0.446928;0.000048;;-0.2589579;0.0000194;0.0014455;0.0000226;;;;;;0.000162;0.000031;-0.000159;0.000020
56788;2014;05;11;;0.093022;0.000049;0.446752;0.000048;;-0.2604021;0.0000239;0.0014303;0.0000226;;;;;;0.000174;0.000031;-0.000189;0.000020
56789;2014;05;12;;0.095388;0.000049;0.446663;0.000048;;-0.2618058;0.0000214;0.0013703;0.0000226;;;;;;0.000183;0.000031;-0.000231;0.000020
56790;2014;05;13;;0.097793;0.000049;0.447033;0.000048;;-0.2631278;0.0000197;0.0012425;0.0000226;;;;;;0.000172;0.000031;-0.000224;0.000020
56791;2014;05;14;;0.099835;0.000049;0.447593;0.000048;;-0.2643018;0.0000143;0.0011465;0.0000225;;;;;;0.000159;0.000031;-0.000218;0.000020
56792;2014;05;15;;0.101380;0.000049;0.447965;0.000048;;-0.2654058;0.0000205;0.0010614;0.0000225;;;;;;0.000152;0.000032;-0.000217;0.000020
56793;2014;05;16;;0.102773;0.000049;0.448091;0.000048;;-0.2664370;0.0000112;0.0010122;0.0000225;;;;;;0.000145;0.000032;-0.000224;0.000020
56794;2014;05;17;;0.103974;0.000049;0.448095;0.000048;;-0.2674275;0.0000214;0.0010074;0.0000225;;;;;;0.000153;0.000032;-0.000250;0.000020
56795;2014;05;18;;0.104886;0.000049;0.448053;0.000048;;-0.2684662;0.0000237;0.0010721;0.0000225;;;;;;0.000160;0.000033;-0.000272;0.000020
56796;2014;05;19;;0.105789;0.000049;0.447827;0.000048;;-0.2696226;0.0000173;0.0011993;0.0000225;;;;;;0.000163;0.000033;-0.000258;0.000021
56797;2014;05;20;;0.107192;0.000049;0.447596;0.000048;;-0.2708936;0.0000155;0.0013561;0.0000225;;;;;;0.000155;0.000034;-0.000224;0.000021
56798;2014;05;21;;0.108971;0.000049;0.447681;0.000048;;-0.2722819;0.0000266;0.0014540;0.0000225;;;;;;0.000154;0.000035;-0.000195;0.000022
56799;2014;05;22;;0.110876;0.000049;0.448090;0.000048;;-0.2737383;0.0000176;0.0014685;0.0000225;;;;;;0.000171;0.000035;-0.000193;0.000023
56800;2014;05;23;;0.112186;0.000049;0.448320;0.000048;;-0.2752160;0.0000085;0.0014057;0.0000225;;;;;;0.000198;0.000036;-0.000224;0.000023
56801;2014;05;24;;0.113624;0.000049;0.448153;0.000048;;-0.2766438;0.0000255;0.0013568;0.0000225;;;;;;0.000222;0.000037;-0.000230;0.000024
56802;2014;05;25;;0.115166;0.000049;0.447752;0.000048;;-0.2779093;0.0000228;0.0011844;0.0000224;;;;;;0.000244;0.000037;-0.000223;0.000025
56803;2014;05;26;;0.116676;0.000049;0.447032;0.000048;;-0.2790022;0.0000188;0.0010353;0.0000224;;;;;;0.000267;0.000038;-0.000216;0.000025
56804;2014;05;27;;0.117995;0.000049;0.446337;0.000048;;-0.2799498;0.0000138;0.0008506;0.0000224;;;;;;0.000274;0.000038;-0.000206;0.000026
56805;2014;05;28;;0.120028;0.000049;0.445450;0.000048;;-0.2807300;0.0000055;0.0006934;0.0000223;;;;;;0.000226;0.000039;-0.000181;0.000026
56806;2014;05;29;;0.122722;0.000049;0.444989;0.000048;;-0.2813422;0.0000052;0.0005765;0.0000223;;;;;;0.000269;0.000039;-0.000186;0.000026
56807;2014;05;30;;0.125448;0.000049;0.444196;0.000048;;-0.2818370;0.0000069;0.0004270;0.0000223;;;;;;0.000336;0.000039;-0.000199;0.000027
56808;2014;05;31;;0.127792;0.000049;0.443582;0.000048;;-0.2822336;0.0000178;0.0003875;0.0000222;;;;;;0.000340;0.000040;-0.000202;0.000027
56809;2014;06;01;;0.129432;0.000049;0.442969;0.000048;;-0.2826206;0.0000254;0.0003861;0.0000222;;;;;;0.000320;0.000040;-0.000202;0.000027
56810;2014;06;02;;0.130659;0.000049;0.441989;0.000048;;-0.2830270;0.0000179;0.0004316;0.0000221;;;;;;0.000300;0.000040;-0.000201;0.000027
56811;2014;06;03;;0.131623;0.000049;0.440971;0.000048;;-0.2834733;0.0000047;0.0004573;0.0000221;;;;;;0.000280;0.000040;-0.000201;0.000028
56812;2014;06;04;;0.132920;0.000049;0.439732;0.000048;;-0.2839887;0.0000030;0.0005776;0.0000220;;;;;;0.000156;0.000041;-0.000243;0.000028
56813;2014;06;05;;0.134409;0.000049;0.438871;0.000049;;-0.2845746;0.0000042;0.0006242;0.0000219;;;;;;0.000050;0.000041;-0.000285;0.000029
56814;2014;06;06;;0.136298;0.000049;0.437899;0.000049;;-0.2852241;0.0000055;0.0006883;0.0000219;;;;;;0.000112;0.000042;-0.000285;0.000029
56815;2014;06;07;;0.138445;0.000049;0.437426;0.000049;;-0.2859356;0.0000141;0.0007217;0.0000218;;;;;;0.000140;0.000042;-0.000278;0.000030
56816;2014;06;08;;0.140269;0.000049;0.436641;0.000049;;-0.2866940;0.0000229;0.0007559;0.0000218;;;;;;0.000155;0.000042;-0.000269;0.000030
56817;2014;06;09;;0.142155;0.000049;0.435910;0.000049;;-0.2874275;0.0000207;0.0007266;0.0000217;;;;;;0.000170;0.000043;-0.000260;0.000030
56818;2014;06;10;;0.143882;0.000049;0.435310;0.000049;;-0.2881208;0.0000135;0.0006863;0.0000217;;;;;;0.000186;0.000043;-0.000251;0.000031
56819;2014;06;11;;0.145712;0.000049;0.434788;0.000049;;-0.2887730;0.0000063;0.0006755;0.0000216;;;;;;0.000201;0.000044;-0.000242;0.000031
56820;2014;06;12;;0.147454;0.000049;0.434331;0.000049;;-0.2894124;0.0000057;0.0006469;0.0000216;;;;;;0.000176;0.000044;-0.000252;0.000032
56821;2014;06;13;;0.149072;0.000049;0.433571;0.000049;;-0.2900425;0.0000067;0.0006355;0.0000216;;;;;;0.000167;0.000044;-0.000258;0.000032
56822;2014;06;14;;0.150687;0.000049;0.432747;0.000049;;-0.2906768;0.0000182;0.0006830;0.0000215;;;;;;0.000157;0.000044;-0.000252;0.000032
56823;2014;06;15;;0.152467;0.000049;0.431594;0.000049;;-0.2914131;0.0000203;0.0007749;0.0000215;;;;;;0.000143;0.000044;-0.000242;0.000032
56824;2014;06;16;;0.154205;0.000049;0.430675;0.000049;;-0.2922623;0.0000152;0.0008931;0.0000215;;;;;;0.000129;0.000044;-0.000232;0.000031
56825;2014;06;17;;0.155906;0.000049;0.430018;0.000049;;-0.2932489;0.0000103;0.0010498;0.0000215;;;;;;0.000115;0.000044;-0.000221;0.000031
56826;2014;06;18;;0.157273;0.000049;0.429526;0.000049;;-0.2943594;0.0000062;0.0011388;0.0000214;;;;;;0.000102;0.000044;-0.000211;0.000031
56827;2014;06;19;;0.158483;0.000049;0.428948;0.000048;;-0.2955342;0.0000055;0.0011750;0.0000214;;;;;;0.000098;0.000043;-0.000230;0.000031
56828;2014;06;20;;0.159844;0.000049;0.428208;0.000048;;-0.2966861;0.0000058;0.0011245;0.0000214;;;;;;0.000097;0.000043;-0.000256;0.000031
56829;2014;06;21;;0.160902;0.000049;0.427331;0.000048;;-0.2977375;0.0000187;0.0009952;0.0000214;;;;;;0.000101;0.000043;-0.000256;0.000031
56830;2014;06;22;;0.161798;0.000049;0.426296;0.000048;;-0.2986676;0.0000204;0.0008271;0.0000214;;;;;;0.000106;0.000043;-0.000247;0.000031
56831;2014;06;23;;0.163185;0.000049;0.425165;0.000048;;-0.2994180;0.0000127;0.0006524;0.0000214;;;;;;0.000112;0.000042;-0.000237;0.000030
56832;2014;06;24;;0.164706;0.000049;0.423924;0.000048;;-0.2999887;0.0000042;0.0005008;0.0000215;;;;;;0.000117;0.000042;-0.000228;0.000030
56833;2014;06;25;;0.166035;0.000049;0.422622;0.000048;;-0.3004161;0.0000146;0.0003708;0.0000215;;;;;;0.000102;0.000042;-0.000202;0.000030
56834;2014;06;26;;0.166814;0.000049;0.421486;0.000048;;-0.3007143;0.0000234;0.0002363;0.0000215;;;;;;0.000143;0.000042;-0.000227;0.000031
56835;2014;06;27;;0.167410;0.000049;0.420250;0.000048;;-0.3008726;0.0000077;0.0001369;0.0000215;;;;;;0.000108;0.000043;-0.000400;0.000031
56836;2014;06;28;;0.168082;0.000049;0.419125;0.000048;;-0.3010385;0.0000326;0.0001574;0.0000216;;;;;;0.000127;0.000044;-0.000426;0.000032
56837;2014;06;29;;0.168840;0.000049;0.417887;0.000048;;-0.3013155;0.0000465;0.0002359;0.0000216;;;;;;0.000177;0.000044;-0.000382;0.000032
56838;2014;06;30;;0.169594;0.000049;0.416506;0.000048;;-0.3015851;0.0000318;0.0003267;0.0000216;;;;;;0.000228;0.000045;-0.000337;0.000032
56839;2014;07;01;;0.170517;0.000049;0.414989;0.000048;;-0.3018654;0.0000093;0.0003603;0.0000217;;;;;;0.000279;0.000046;-0.000292;0.000033
56840;2014;07;02;;0.171839;0.000049;0.413813;0.000049;;-0.3022527;0.0000049;0.0004170;0.0000217;;;;;;0.000236;0.000047;-0.000304;0.000033
56841;2014;07;03;;0.173207;0.000049;0.412782;0.000049;;-0.3027059;0.0000052;0.0004943;0.0000217;;;;;;0.000170;0.000048;-0.000331;0.000034
56842;2014;07;04;;0.174537;0.000049;0.411740;0.000049;;-0.3032096;0.0000232;0.0005533;0.0000218;;;;;;0.000046;0.000049;-0.000343;0.000034
56843;2014;07;05;;0.175544;0.000049;0.410980;0.000049;;-0.3037341;0.0000478;0.0005303;0.0000218;;;;;;0.000019;0.000050;-0.000342;0.000035
56844;2014;07;06;;0.176331;0.000049;0.409901;0.000049;;-0.3042797;0.0000377;0.0004511;0.0000218;;;;;;0.000040;0.000051;-0.000337;0.000035
56845;2014;07;07;;0.176963;0.000049;0.408784;0.000049;;-0.3047156;0.0000204;0.0003724;0.0000218;;;;;;0.000061;0.000052;-0.000333;0.000036
56846;2014;07;08;;0.177568;0.000049;0.407721;0.000048;;-0.3050576;0.0000080;0.0003203;0.0000219;;;;;;0.000082;0.000053;-0.000329;0.000036
56847;2014;07;09;;0.178334;0.000049;0.406816;0.000048;;-0.3053481;0.0000165;0.0002874;0.0000219;;;;;;0.000204;0.000054;-0.000266;0.000037
56848;2014;07;10;;0.179003;0.000049;0.405922;0.000048;;-0.3056221;0.0000243;0.0002785;0.0000220;;;;;;0.000353;0.000054;-0.000188;0.000037
56849;2014;07;11;;0.179999;0.000049;0.404805;0.000048;;-0.3059680;0.0000083;0.0003485;0.0000220;;;;;;0.000242;0.000055;-0.000231;0.000037
56850;2014;07;12;;0.181095;0.000049;0.403719;0.000048;;-0.3063918;0.0000420;0.0004342;0.0000220;;;;;;0.000141;0.000056;-0.000321;0.000037
56851;2014;07;13;;0.181992;0.000049;0.402777;0.000048;;-0.3069513;0.0000530;0.0006071;0.0000221;;;;;;0.000138;0.000057;-0.000356;0.000038
56852;2014;07;14;;0.182710;0.000049;0.401754;0.000048;;-0.3076598;0.0000336;0.0007955;0.0000221;;;;;;0.000156;0.000057;-0.000337;0.000038
56853;2014;07;15;;0.183128;0.000049;0.400753;0.000048;;-0.3085064;0.0000092;0.0008930;0.0000222;;;;;;0.000132;0.000058;-0.000319;0.000039
56854;2014;07;16;;0.183572;0.000049;0.399306;0.000048;;-0.3094238;0.0000051;0.0009350;0.0000222;;;;;;0.000090;0.000059;-0.000322;0.000039
56855;2014;07;17;;0.184004;0.000049;0.397938;0.000048;;-0.3103375;0.0000062;0.0008810;0.0000222;;;;;;0.000057;0.000059;-0.000323;0.000040
56856;2014;07;18;;0.184324;0.000049;0.396284;0.000048;;-0.3111677;0.0000074;0.0007486;0.0000222;;;;;;0.000081;0.000060;-0.000291;0.000040
56857;2014;07;19;;0.185282;0.000049;0.394576;0.000048;;-0.3119354;0.0000263;0.0006159;0.0000222;;;;;;0.000014;0.000060;-0.000325;0.000040
56858;2014;07;20;;0.186442;0.000049;0.393167;0.000048;;-0.3124358;0.0000358;0.0004702;0.0000223;;;;;;0.000013;0.000060;-0.000327;0.000040
56859;2014;07;21;;0.187768;0.000049;0.391877;0.000049;;-0.3127697;0.0000251;0.0003040;0.0000223;;;;;;0.000074;0.000061;-0.000309;0.000040
56860;2014;07;22;;0.188776;0.000049;0.391088;0.000049;;-0.3129932;0.0000082;0.0001590;0.0000223;;;;;;0.000101;0.000061;-0.000327;0.000040
56861;2014;07;23;;0.189330;0.000049;0.390086;0.000049;;-0.3130876;0.0000132;0.0000636;0.0000223;;;;;;0.000123;0.000061;-0.000333;0.000040
56862;2014;07;24;;0.189604;0.000049;0.389317;0.000049;;-0.3131198;0.0000192;0.0000276;0.0000223;;;;;;0.000144;0.000061;-0.000336;0.000040
56863;2014;07;25;;0.189957;0.000049;0.388196;0.000049;;-0.3131499;0.0000068;0.0000425;0.0000223;;;;;;0.000164;0.000062;-0.000340;0.000040
56864;2014;07;26;;0.190306;0.000049;0.387104;0.000049;;-0.3131883;0.0000177;0.0000340;0.0000223;;;;;;0.000160;0.000062;-0.000334;0.000040
56865;2014;07;27;;0.190886;0.000049;0.385974;0.000049;;-0.3132543;0.0000249;0.0000811;0.0000223;;;;;;0.000146;0.000062;-0.000324;0.000040
56866;2014;07;28;;0.191948;0.000049;0.384988;0.000049;;-0.3134156;0.0000172;0.0001978;0.0000223;;;;;;0.000132;0.000063;-0.000315;0.000040
56867;2014;07;29;;0.193134;0.000049;0.384040;0.000049;;-0.3136677;0.0000050;0.0003117;0.0000223;;;;;;0.000118;0.000063;-0.000305;0.000040
56868;2014;07;30;;0.194129;0.000049;0.382977;0.000049;;-0.3140392;0.0000111;0.0004155;0.0000223;;;;;;0.000090;0.000063;-0.000310;0.000040
56869;2014;07;31;;0.194675;0.000049;0.381798;0.000049;;-0.3144689;0.0000174;0.0004358;0.0000223;;;;;;0.000057;0.000063;-0.000318;0.000040
56870;2014;08;01;;0.195457;0.000049;0.380267;0.000049;;-0.3149162;0.0000064;0.0004283;0.0000223;;;;;;0.000025;0.000063;-0.000326;0.000040
56871;2014;08;02;;0.196024;0.000049;0.379105;0.000048;;-0.3153203;0.0000221;0.0003568;0.0000223;;;;;;0.000015;0.000063;-0.000350;0.000040
56872;2014;08;03;;0.196578;0.000049;0.377704;0.000048;;-0.3156533;0.0000457;0.0002954;0.0000222;;;;;;0.000014;0.000063;-0.000381;0.000040
56873;2014;08;04;;0.197529;0.000049;0.376172;0.000048;;-0.3159233;0.0000330;0.0002374;0.0000222;;;;;;0.000012;0.000064;-0.000411;0.000040
56874;2014;08;05;;0.198517;0.000049;0.374548;0.000048;;-0.3161174;0.0000204;0.0001793;0.0000222;;;;;;0.000011;0.000064;-0.000441;0.000040
56875;2014;08;06;;0.199814;0.000049;0.373207;0.000048;;-0.3162285;0.0000278;0.0001111;0.0000221;;;;;;0.000000;0.000064;-0.000411;0.000040
56876;2014;08;07;;0.201138;0.000049;0.372224;0.000048;;-0.3162780;0.0000300;0.0000630;0.0000221;;;;;;-0.000011;0.000064;-0.000364;0.000040
56877;2014;08;08;;0.202110;0.000049;0.371260;0.000048;;-0.3164044;0.0000125;0.0001574;0.0000221;;;;;;-0.000011;0.000064;-0.000313;0.000041
56878;2014;08;09;;0.203072;0.000049;0.370155;0.000048;;-0.3166652;0.0000323;0.0003472;0.0000220;;;;;;0.000008;0.000064;-0.000215;0.000041
56879;2014;08;10;;0.204233;0.000049;0.369115;0.000048;;-0.3170624;0.0000379;0.0004935;0.0000220;;;;;;0.000042;0.000064;-0.000079;0.000041
56880;2014;08;11;;0.205434;0.000049;0.368324;0.000048;;-0.3176562;0.0000269;0.0006577;0.0000219;;;;;;0.000069;0.000063;-0.000081;0.000041
56881;2014;08;12;;0.206552;0.000049;0.367630;0.000048;;-0.3183974;0.0000305;0.0007707;0.0000219;;;;;;0.000080;0.000063;-0.000246;0.000041
56882;2014;08;13;;0.207344;0.000049;0.366930;0.000048;;-0.3192193;0.0000360;0.0008367;0.0000218;;;;;;0.000039;0.000063;-0.000255;0.000041
56883;2014;08;14;;0.207916;0.000049;0.366107;0.000048;;-0.3200515;0.0000222;0.0008272;0.0000218;;;;;;-0.000014;0.000062;-0.000226;0.000041
56884;2014;08;15;;0.208768;0.000049;0.364934;0.000048;;-0.3207972;0.0000084;0.0006988;0.0000218;;;;;;-0.000067;0.000062;-0.000197;0.000041
56885;2014;08;16;;0.209644;0.000049;0.363552;0.000048;;-0.3214559;0.0000198;0.0005775;0.0000218;;;;;;-0.000118;0.000062;-0.000122;0.000041
56886;2014;08;17;;0.210184;0.000049;0.362144;0.000048;;-0.3219576;0.0000203;0.0004673;0.0000218;;;;;;-0.000117;0.000061;-0.000157;0.000041
56887;2014;08;18;;0.210356;0.000049;0.360801;0.000048;;-0.3223541;0.0000123;0.0003839;0.0000219;;;;;;-0.000046;0.000061;-0.000267;0.000041
56888;2014;08;19;;0.209991;0.000049;0.359346;0.000048;;-0.3226677;0.0000049;0.0002631;0.0000219;;;;;;0.000044;0.000061;-0.000326;0.000041
56889;2014;08;20;;0.209665;0.000049;0.357813;0.000048;;-0.3228809;0.0000168;0.0002015;0.0000219;;;;;;0.000072;0.000061;-0.000249;0.000041
56890;2014;08;21;;0.209518;0.000049;0.356180;0.000048;;-0.3230539;0.0000268;0.0001729;0.0000219;;;;;;0.000085;0.000061;-0.000138;0.000042
56891;2014;08;22;;0.209650;0.000049;0.354452;0.000048;;-0.3232207;0.0000104;0.0001671;0.0000219;;;;;;0.000025;0.000060;-0.000200;0.000042
56892;2014;08;23;;0.209523;0.000049;0.352597;0.000048;;-0.3234365;0.0000245;0.0002339;0.0000219;;;;;;0.000004;0.000060;-0.000232;0.000042
56893;2014;08;24;;0.209522;0.000049;0.350709;0.000048;;-0.3236747;0.0000393;0.0002419;0.0000219;;;;;;0.000007;0.000059;-0.000233;0.000041
56894;2014;08;25;;0.209484;0.000049;0.348871;0.000048;;-0.3239175;0.0000282;0.0002575;0.0000219;;;;;;0.000010;0.000059;-0.000233;0.000041
56895;2014;08;26;;0.209253;0.000049;0.347009;0.000048;;-0.3242071;0.0000067;0.0003412;0.0000218;;;;;;0.000013;0.000058;-0.000233;0.000041
56896;2014;08;27;;0.209076;0.000049;0.345043;0.000048;;-0.3246118;0.0000104;0.0004376;0.0000218;;;;;;0.000113;0.000058;-0.000237;0.000041
56897;2014;08;28;;0.208912;0.000049;0.342820;0.000048;;-0.3250768;0.0000170;0.0004746;0.0000219;;;;;;0.000115;0.000058;-0.000217;0.000041
56898;2014;08;29;;0.209008;0.000049;0.340884;0.000048;;-0.3255682;0.0000098;0.0004909;0.0000219;;;;;;0.000082;0.000058;-0.000190;0.000041
56899;2014;08;30;;0.209416;0.000049;0.339468;0.000048;;-0.3260948;0.0000240;0.0004949;0.0000219;;;;;;0.000006;0.000058;-0.000189;0.000041
56900;2014;08;31;;0.209545;0.000049;0.338267;0.000048;;-0.3265890;0.0000230;0.0004942;0.0000219;;;;;;-0.000064;0.000058;-0.000175;0.000041
56901;2014;09;01;;0.209595;0.000049;0.336935;0.000048;;-0.3270994;0.0000150;0.0005483;0.0000219;;;;;;-0.000099;0.000057;-0.000202;0.000040
56902;2014;09;02;;0.209626;0.000049;0.335285;0.000049;;-0.3276173;0.0000092;0.0005216;0.0000219;;;;;;-0.000117;0.000057;-0.000293;0.000040
56903;2014;09;03;;0.209207;0.000049;0.333429;0.000049;;-0.3281375;0.0000033;0.0005158;0.0000219;;;;;;-0.000025;0.000056;-0.000372;0.000039
56904;2014;09;04;;0.208955;0.000049;0.331540;0.000049;;-0.3286670;0.0000031;0.0005516;0.0000219;;;;;;-0.000003;0.000056;-0.000351;0.000039
56905;2014;09;05;;0.209032;0.000049;0.329830;0.000049;;-0.3292852;0.0000043;0.0006789;0.0000218;;;;;;-0.000044;0.000057;-0.000389;0.000039
56906;2014;09;06;;0.209219;0.000049;0.328282;0.000049;;-0.3300561;0.0000246;0.0008398;0.0000218;;;;;;-0.000088;0.000058;-0.000377;0.000040
56907;2014;09;07;;0.209087;0.000049;0.326947;0.000049;;-0.3309914;0.0000299;0.0010232;0.0000218;;;;;;-0.000126;0.000058;-0.000337;0.000040
56908;2014;09;08;;0.208577;0.000049;0.325706;0.000049;;-0.3321224;0.0000199;0.0011861;0.0000218;;;;;;-0.000116;0.000059;-0.000396;0.000040
56909;2014;09;09;;0.207970;0.000049;0.324129;0.000049;;-0.3333936;0.0000079;0.0013372;0.0000218;;;;;;-0.000102;0.000060;-0.000464;0.000041
56910;2014;09;10;;0.207057;0.000049;0.322201;0.000049;;-0.3346599;0.0000060;0.0012617;0.0000217;;;;;;-0.000229;0.000061;-0.000546;0.000041
56911;2014;09;11;;0.205694;0.000050;0.319875;0.000049;;-0.3358564;0.0000067;0.0011358;0.0000217;;;;;;-0.000388;0.000061;-0.000627;0.000042
56912;2014;09;12;;0.204722;0.000050;0.317446;0.000049;;-0.3369194;0.0000075;0.0009389;0.0000217;;;;;;-0.000424;0.000062;-0.000542;0.000042
56913;2014;09;13;;0.203675;0.000050;0.315460;0.000049;;-0.3377903;0.0000248;0.0007620;0.0000217;;;;;;-0.000282;0.000062;-0.000432;0.000042
56914;2014;09;14;;0.203262;0.000050;0.313648;0.000049;;-0.3385051;0.0000336;0.0006502;0.0000216;;;;;;-0.000075;0.000063;-0.000313;0.000042
56915;2014;09;15;;0.203044;0.000050;0.312312;0.000049;;-0.3391232;0.0000236;0.0006127;0.0000216;;;;;;-0.000090;0.000063;-0.000273;0.000042
56916;2014;09;16;;0.202683;0.000050;0.310879;0.000049;;-0.3396788;0.0000079;0.0006086;0.0000216;;;;;;-0.000144;0.000063;-0.000246;0.000042
56917;2014;09;17;;0.201948;0.000050;0.309570;0.000049;;-0.3402897;0.0000134;0.0006063;0.0000216;;;;;;-0.000150;0.000064;-0.000250;0.000042
56918;2014;09;18;;0.201114;0.000050;0.308136;0.000049;;-0.3409352;0.0000199;0.0006791;0.0000217;;;;;;-0.000118;0.000064;-0.000253;0.000042
56919;2014;09;19;;0.200440;0.000050;0.306759;0.000049;;-0.3416136;0.0000091;0.0007166;0.0000217;;;;;;-0.000042;0.000064;-0.000242;0.000042
56920;2014;09;20;;0.199649;0.000050;0.305017;0.000049;;-0.3423379;0.0000325;0.0007388;0.0000217;;;;;;-0.000040;0.000064;-0.000261;0.000042
56921;2014;09;21;;0.198822;0.000050;0.303322;0.000049;;-0.3430967;0.0000314;0.0007746;0.0000218;;;;;;-0.000066;0.000064;-0.000289;0.000042
56922;2014;09;22;;0.198177;0.000050;0.301495;0.000049;;-0.3439301;0.0000174;0.0008783;0.0000218;;;;;;-0.000085;0.000064;-0.000257;0.000041
56923;2014;09;23;;0.197695;0.000050;0.299640;0.000049;;-0.3448281;0.0000062;0.0009292;0.0000218;;;;;;-0.000104;0.000064;-0.000225;0.000041
56924;2014;09;24;;0.196653;0.000050;0.297948;0.000049;;-0.3457480;0.0000047;0.0009224;0.0000219;;;;;;-0.000185;0.000064;-0.000263;0.000040
56925;2014;09;25;;0.196227;0.000050;0.296445;0.000049;;-0.3466688;0.0000057;0.0009403;0.0000219;;;;;;-0.000246;0.000064;-0.000298;0.000040
56926;2014;09;26;;0.195457;0.000050;0.295357;0.000049;;-0.3475647;0.0000068;0.0008552;0.0000219;;;;;;-0.000175;0.000064;-0.000256;0.000040
56927;2014;09;27;;0.194278;0.000050;0.294186;0.000049;;-0.3483902;0.0000221;0.0007900;0.0000219;;;;;;-0.000119;0.000064;-0.000241;0.000040
56928;2014;09;28;;0.193090;0.000050;0.293164;0.000049;;-0.3491628;0.0000407;0.0007225;0.0000220;;;;;;-0.000068;0.000064;-0.000236;0.000040
56929;2014;09;29;;0.192102;0.000050;0.291906;0.000049;;-0.3498846;0.0000321;0.0006901;0.0000220;;;;;;-0.000018;0.000064;-0.000231;0.000040
56930;2014;09;30;;0.190837;0.000050;0.290467;0.000049;;-0.3505708;0.0000104;0.0007180;0.0000221;;;;;;0.000033;0.000065;-0.000225;0.000041
56931;2014;10;01;;0.189281;0.000050;0.288878;0.000049;;-0.3512755;0.0000052;0.0007455;0.0000221;;;;;;-0.000034;0.000065;-0.000268;0.000041
56932;2014;10;02;;0.187923;0.000050;0.287409;0.000049;;-0.3520497;0.0000043;0.0008348;0.0000221;;;;;;-0.000096;0.000065;-0.000242;0.000041
56933;2014;10;03;;0.186357;0.000050;0.286375;0.000049;;-0.3529360;0.0000119;0.0009774;0.0000222;;;;;;-0.000086;0.000065;-0.000219;0.000041
56934;2014;10;04;;0.184573;0.000050;0.285157;0.000049;;-0.3540107;0.0000227;0.0011675;0.0000222;;;;;;-0.000054;0.000064;-0.000206;0.000041
56935;2014;10;05;;0.182934;0.000050;0.283964;0.000049;;-0.3553184;0.0000303;0.0013608;0.0000222;;;;;;-0.000050;0.000064;-0.000202;0.000041
56936;2014;10;06;;0.180736;0.000050;0.282714;0.000049;;-0.3567588;0.0000240;0.0014912;0.0000222;;;;;;-0.000107;0.000064;-0.000247;0.000041
56937;2014;10;07;;0.178466;0.000050;0.281171;0.000049;;-0.3582977;0.0000114;0.0015977;0.0000222;;;;;;-0.000198;0.000064;-0.000330;0.000041
56938;2014;10;08;;0.176371;0.000050;0.279490;0.000049;;-0.3599127;0.0000226;0.0016026;0.0000222;;;;;;-0.000202;0.000064;-0.000363;0.000041
56939;2014;10;09;;0.174483;0.000050;0.277962;0.000049;;-0.3614586;0.0000319;0.0014743;0.0000222;;;;;;-0.000183;0.000064;-0.000382;0.000041
56940;2014;10;10;;0.172103;0.000050;0.276934;0.000049;;-0.3628154;0.0000096;0.0012636;0.0000222;;;;;;-0.000118;0.000063;-0.000270;0.000040
56941;2014;10;11;;0.169442;0.000050;0.275719;0.000049;;-0.3639980;0.0000194;0.0011261;0.0000222;;;;;;-0.000031;0.000063;-0.000200;0.000040
56942;2014;10;12;;0.167003;0.000050;0.274337;0.000049;;-0.3650957;0.0000331;0.0010552;0.0000222;;;;;;-0.000004;0.000063;-0.000158;0.000040
56943;2014;10;13;;0.164792;0.000050;0.272933;0.000049;;-0.3660750;0.0000305;0.0009508;0.0000221;;;;;;-0.000085;0.000062;-0.000145;0.000039
56944;2014;10;14;;0.163125;0.000050;0.271630;0.000049;;-0.3669794;0.0000632;0.0008888;0.0000221;;;;;;-0.000212;0.000061;-0.000165;0.000039
56945;2014;10;15;;0.161791;0.000050;0.270650;0.000049;;-0.3678828;0.0000880;0.0009194;0.0000221;;;;;;-0.000240;0.000061;0.000055;0.000038
56946;2014;10;16;;0.160324;0.000050;0.269618;0.000049;;-0.3688284;0.0000248;0.0009535;0.0000221;;;;;;-0.000206;0.000061;0.000012;0.000038
56947;2014;10;17;;0.158854;0.000050;0.268431;0.000049;;-0.3697731;0.0000104;0.0009662;0.0000221;;;;;;-0.000161;0.000062;-0.000129;0.000039
56948;2014;10;18;;0.157609;0.000050;0.267480;0.000049;;-0.3707763;0.0000118;0.0010576;0.0000220;;;;;;-0.000164;0.000062;-0.000200;0.000039
56949;2014;10;19;;0.156166;0.000050;0.266450;0.000049;;-0.3718673;0.0000218;0.0011260;0.0000220;;;;;;-0.000152;0.000063;-0.000236;0.000039
56950;2014;10;20;;0.154882;0.000050;0.265184;0.000049;;-0.3730523;0.0000177;0.0012088;0.0000220;;;;;;-0.000108;0.000063;-0.000266;0.000039
56951;2014;10;21;;0.153538;0.000050;0.264166;0.000049;;-0.3742981;0.0000058;0.0013029;0.0000220;;;;;;-0.000141;0.000063;-0.000147;0.000039
56952;2014;10;22;;0.152544;0.000050;0.263225;0.000049;;-0.3756384;0.0000068;0.0013749;0.0000219;;;;;;-0.000151;0.000064;-0.000184;0.000040
56953;2014;10;23;;0.151239;0.000050;0.262643;0.000049;;-0.3769722;0.0000146;0.0013446;0.0000219;;;;;;-0.000159;0.000065;-0.000205;0.000040
56954;2014;10;24;;0.149410;0.000050;0.261644;0.000049;;-0.3782630;0.0000237;0.0012606;0.0000219;;;;;;-0.000170;0.000065;-0.000201;0.000040
56955;2014;10;25;;0.147282;0.000050;0.260354;0.000050;;-0.3794855;0.0000647;0.0011416;0.0000219;;;;;;-0.000181;0.000066;-0.000198;0.000041
56956;2014;10;26;;0.144735;0.000050;0.259080;0.000050;;-0.3805842;0.0001692;0.0010407;0.0000219;;;;;;-0.000193;0.000066;-0.000195;0.000041
56957;2014;10;27;;0.142502;0.000050;0.257796;0.000050;;-0.3816063;0.0001285;0.0009890;0.0000219;;;;;;-0.000204;0.000067;-0.000191;0.000041
56958;2014;10;28;;0.140629;0.000050;0.257088;0.000050;;-0.3825955;0.0000296;0.0009880;0.0000219;;;;;;-0.000215;0.000068;-0.000188;0.000041
56959;2014;10;29;;0.138839;0.000050;0.256769;0.000050;;-0.3836062;0.0000203;0.0010442;0.0000219;;;;;;-0.000005;0.000068;-0.000204;0.000042
56960;2014;10;30;;0.137045;0.000050;0.256364;0.000050;;-0.3846781;0.0000283;0.0011223;0.0000218;;;;;;-0.000013;0.000069;-0.000207;0.000042
56961;2014;10;31;;0.134899;0.000050;0.256104;0.000050;;-0.3858199;0.0000121;0.0011983;0.0000218;;;;;;-0.000102;0.000069;-0.000204;0.000041
56962;2014;11;01;;0.132510;0.000050;0.255501;0.000050;;-0.3871542;0.0000119;0.0013920;0.0000218;;;;;;-0.000255;0.000070;-0.000135;0.000041
56963;2014;11;02;;0.130131;0.000050;0.254642;0.000050;;-0.3886745;0.0000174;0.0016206;0.0000217;;;;;;-0.000326;0.000070;-0.000101;0.000041
56964;2014;11;03;;0.128037;0.000050;0.253599;0.000050;;-0.3903258;0.0000141;0.0017047;0.0000217;;;;;;-0.000272;0.000070;-0.000122;0.000041
56965;2014;11;04;;0.126501;0.000050;0.252992;0.000050;;-0.3920206;0.0000065;0.0016664;0.0000217;;;;;;-0.000199;0.000070;-0.000138;0.000041
56966;2014;11;05;;0.125128;0.000050;0.253058;0.000050;;-0.3936623;0.0000192;0.0015902;0.0000216;;;;;;-0.000126;0.000070;-0.000170;0.000041
56967;2014;11;06;;0.123775;0.000050;0.253108;0.000050;;-0.3951827;0.0000294;0.0014298;0.0000215;;;;;;-0.000054;0.000070;-0.000205;0.000041
56968;2014;11;07;;0.122213;0.000050;0.252747;0.000050;;-0.3965300;0.0000094;0.0012717;0.0000214;;;;;;-0.000130;0.000070;-0.000116;0.000041
56969;2014;11;08;;0.120675;0.000050;0.252135;0.000050;;-0.3977362;0.0000182;0.0011134;0.0000214;;;;;;-0.000158;0.000071;-0.000068;0.000041
56970;2014;11;09;;0.118672;0.000050;0.251874;0.000050;;-0.3987622;0.0000352;0.0009707;0.0000213;;;;;;-0.000150;0.000071;-0.000049;0.000041
56971;2014;11;10;;0.116077;0.000050;0.251414;0.000050;;-0.3996631;0.0000293;0.0008642;0.0000212;;;;;;-0.000142;0.000072;-0.000031;0.000042
56972;2014;11;11;;0.113418;0.000050;0.251114;0.000050;;-0.4005145;0.0000126;0.0008320;0.0000212;;;;;;-0.000134;0.000072;-0.000013;0.000042
56973;2014;11;12;;0.111204;0.000050;0.251036;0.000050;;-0.4013791;0.0000129;0.0008738;0.0000211;;;;;;0.000009;0.000073;-0.000049;0.000043
56974;2014;11;13;;0.109956;0.000050;0.251239;0.000050;;-0.4022790;0.0000145;0.0009461;0.0000211;;;;;;0.000045;0.000073;-0.000074;0.000043
56975;2014;11;14;;0.109004;0.000050;0.251506;0.000050;;-0.4032322;0.0000044;0.0009880;0.0000210;;;;;;-0.000078;0.000073;-0.000100;0.000043
56976;2014;11;15;;0.107378;0.000050;0.251884;0.000050;;-0.4042393;0.0000160;0.0010350;0.0000210;;;;;;-0.000222;0.000074;-0.000133;0.000043
56977;2014;11;16;;0.105134;0.000050;0.252139;0.000050;;-0.4053039;0.0000165;0.0010698;0.0000209;;;;;;-0.000219;0.000074;-0.000126;0.000043
56978;2014;11;17;;0.103088;0.000050;0.252261;0.000050;;-0.4064685;0.0000107;0.0011902;0.0000209;;;;;;-0.000147;0.000075;-0.000118;0.000044
56979;2014;11;18;;0.101164;0.000050;0.252945;0.000050;;-0.4076939;0.0000065;0.0012793;0.0000209;;;;;;-0.000146;0.000076;-0.000148;0.000044
56980;2014;11;19;;0.098786;0.000050;0.253582;0.000050;;-0.4089339;0.0000050;0.0012494;0.0000208;;;;;;-0.000088;0.000077;-0.000152;0.000045
56981;2014;11;20;;0.096569;0.000050;0.253797;0.000050;;-0.4101584;0.0000043;0.0011788;0.0000208;;;;;;-0.000030;0.000078;-0.000128;0.000045
56982;2014;11;21;;0.094763;0.000050;0.254100;0.000050;;-0.4113394;0.0000035;0.0011212;0.0000207;;;;;;-0.000052;0.000078;-0.000096;0.000046
56983;2014;11;22;;0.092996;0.000050;0.254389;0.000050;;-0.4124775;0.0000244;0.0010830;0.0000206;;;;;;-0.000152;0.000079;-0.000075;0.000046
56984;2014;11;23;;0.091010;0.000050;0.254396;0.000050;;-0.4135328;0.0000250;0.0010276;0.0000206;;;;;;-0.000164;0.000079;-0.000073;0.000047
56985;2014;11;24;;0.089436;0.000050;0.254044;0.000050;;-0.4145335;0.0000152;0.0009903;0.0000205;;;;;;-0.000129;0.000080;-0.000072;0.000047
56986;2014;11;25;;0.088520;0.000050;0.253857;0.000050;;-0.4155285;0.0000072;0.0009859;0.0000204;;;;;;-0.000158;0.000080;-0.000059;0.000047
56987;2014;11;26;;0.087483;0.000050;0.253994;0.000050;;-0.4165163;0.0000039;0.0010077;0.0000204;;;;;;-0.000189;0.000081;-0.000013;0.000047
56988;2014;11;27;;0.086929;0.000050;0.254403;0.000050;;-0.4175848;0.0000107;0.0010868;0.0000203;;;;;;-0.000176;0.000081;-0.000181;0.000047
56989;2014;11;28;;0.086434;0.000050;0.255298;0.000050;;-0.4187766;0.0000207;0.0012598;0.0000203;;;;;;-0.000147;0.000081;-0.000430;0.000048
56990;2014;11;29;;0.085125;0.000050;0.256069;0.000050;;-0.4200917;0.0000307;0.0014277;0.0000202;;;;;;-0.000219;0.000082;-0.000298;0.000048
56991;2014;11;30;;0.083130;0.000050;0.256693;0.000050;;-0.4215179;0.0000280;0.0014970;0.0000202;;;;;;-0.000293;0.000082;-0.000161;0.000048
56992;2014;12;01;;0.080966;0.000050;0.257680;0.000050;;-0.4230049;0.0000184;0.0014804;0.0000201;;;;;;-0.000281;0.000082;-0.000066;0.000048
56993;2014;12;02;;0.078974;0.000050;0.258800;0.000050;;-0.4244809;0.0000086;0.0014297;0.0000200;;;;;;-0.000185;0.000082;-0.000015;0.000048
56994;2014;12;03;;0.076865;0.000050;0.259527;0.000050;;-0.4259088;0.0000058;0.0013722;0.0000199;;;;;;-0.000226;0.000083;-0.000018;0.000049
56995;2014;12;04;;0.074702;0.000050;0.259938;0.000050;;-0.4272337;0.0000048;0.0012983;0.0000199;;;;;;-0.000303;0.000083;-0.000035;0.000049
56996;2014;12;05;;0.073004;0.000050;0.260085;0.000050;;-0.4284372;0.0000037;0.0011664;0.0000198;;;;;;-0.000249;0.000084;-0.000051;0.000050
56997;2014;12;06;;0.072013;0.000050;0.260898;0.000050;;-0.4295162;0.0000166;0.0010364;0.0000197;;;;;;-0.000137;0.000085;-0.000167;0.000051
56998;2014;12;07;;0.070768;0.000050;0.261979;0.000050;;-0.4304906;0.0000176;0.0009505;0.0000196;;;;;;0.000065;0.000086;-0.000216;0.000051
56999;2014;12;08;;0.069509;0.000050;0.262609;0.000050;;-0.4314549;0.0000136;0.0009562;0.0000195;;;;;;0.000149;0.000087;-0.000154;0.000052
57000;2014;12;09;;0.067620;0.000051;0.263634;0.000050;;-0.4324454;0.0000108;0.0010040;0.0000195;;;;;;0.000031;0.000088;-0.000086;0.000053
57001;2014;12;10;;0.065125;0.000051;0.264334;0.000050;;-0.4334766;0.0000078;0.0010626;0.0000194;;;;;;-0.000087;0.000089;-0.000018;0.000054
57002;2014;12;11;;0.062785;0.000051;0.265099;0.000050;;-0.4345643;0.0000065;0.0011111;0.0000193;;;;;;-0.000103;0.000089;-0.000015;0.000054
57003;2014;12;12;;0.060531;0.000051;0.266098;0.000050;;-0.4357170;0.0000057;0.0011981;0.0000192;;;;;;-0.000236;0.000090;-0.000097;0.000055
57004;2014;12;13;;0.058291;0.000051;0.267349;0.000050;;-0.4369258;0.0000154;0.0012503;0.0000191;;;;;;-0.000488;0.000090;-0.000146;0.000055
57005;2014;12;14;;0.055689;0.000051;0.268371;0.000050;;-0.4381561;0.0000230;0.0012203;0.0000191;;;;;;-0.000657;0.000090;-0.000057;0.000055
57006;2014;12;15;;0.052981;0.000051;0.269414;0.000050;;-0.4394119;0.0000195;0.0012059;0.0000190;;;;;;-0.000522;0.000091;0.000091;0.000055
57007;2014;12;16;;0.050204;0.000051;0.270689;0.000050;;-0.4406732;0.0000118;0.0012979;0.0000189;;;;;;-0.000191;0.000091;0.000178;0.000055
57008;2014;12;17;;0.047309;0.000051;0.271783;0.000050;;-0.4419626;0.0000138;0.0013046;0.0000189;;;;;;-0.000178;0.000091;0.000109;0.000055
57009;2014;12;18;;0.044749;0.000051;0.272214;0.000050;;-0.4432143;0.0000164;0.0012038;0.0000189;;;;;;-0.000247;0.000091;0.000000;0.000055
57010;2014;12;19;;0.043326;0.000051;0.272558;0.000050;;-0.4443922;0.0000118;0.0011412;0.0000189;;;;;;-0.000224;0.000090;-0.000046;0.000055
57011;2014;12;20;;0.042125;0.000051;0.273351;0.000050;;-0.4454795;0.0000121;0.0010073;0.0000190;;;;;;-0.000117;0.000090;0.000048;0.000055
57012;2014;12;21;;0.040801;0.000051;0.273639;0.000050;;-0.4464599;0.0000195;0.0009414;0.0000191;;;;;;0.000012;0.000090;0.000188;0.000055
57013;2014;12;22;;0.039547;0.000051;0.274006;0.000050;;-0.4473938;0.0000168;0.0009210;0.0000191;;;;;;-0.000069;0.000089;0.000146;0.000054
57014;2014;12;23;;0.038609;0.000051;0.274229;0.000050;;-0.4483571;0.0000077;0.0009864;0.0000192;;;;;;-0.000199;0.000089;0.000000;0.000053
57015;2014;12;24;;0.037843;0.000051;0.274933;0.000050;;-0.4494026;0.0000060;0.0010938;0.0000193;;;;;;-0.000272;0.000088;0.000021;0.000053
57016;2014;12;25;;0.037160;0.000051;0.275556;0.000050;;-0.4506018;0.0000094;0.0012906;0.0000194;;;;;;-0.000271;0.000088;0.000037;0.000053
57017;2014;12;26;;0.036174;0.000051;0.276368;0.000050;;-0.4519395;0.0000139;0.0013915;0.0000195;;;;;;-0.000247;0.000088;0.000034;0.000053
57018;2014;12;27;;0.035201;0.000051;0.276925;0.000050;;-0.4533686;0.0000184;0.0014638;0.0000195;;;;;;-0.000224;0.000088;0.000032;0.000053
57019;2014;12;28;;0.034631;0.000051;0.277763;0.000050;;-0.4548790;0.0000226;0.0015300;0.0000196;;;;;;-0.000201;0.000088;0.000029;0.000054
57020;2014;12;29;;0.034265;0.000051;0.278674;0.000050;;-0.4563538;0.0000181;0.0014279;0.0000197;;;;;;-0.000177;0.000088;0.000027;0.000054
57021;2014;12;30;;0.033568;0.000051;0.279581;0.000050;;-0.4577153;0.0000093;0.0012587;0.0000198;;;;;;-0.000154;0.000087;0.000025;0.000055
57022;2014;12;31;;0.032223;0.000051;0.280408;0.000050;;-0.4589078;0.0000110;0.0011173;0.0000199;;;;;;-0.000097;0.000087;-0.000014;0.000055
